"","State_id","idp_sites","IDP_present","IDP_time_arrive","IDP_majority","food_inadequate","less_one_meal","hunger_severe_worse","wildfood_sick_alltime","skipping_days","flooded_shelter","fsl_composite","number_pts"
"1","Central Equatoria1164",NA,NA,NA,NA,NA,NA,NA,NA,NA,NA,NA,1
"2","Central Equatoria1205",NA,NA,NA,NA,NA,NA,NA,NA,NA,NA,NA,1
"3","Central Equatoria1244",NA,NA,NA,NA,NA,NA,NA,NA,NA,NA,NA,1
"4","Central Equatoria1321",0,0,0,0,0,0,0,0.5,0,0,0.1,2
"5","Central Equatoria1322",0,0.5,0,0.375,0.75,0.625,0,0.125,0,0,0.3,8
"6","Central Equatoria1325",0,1,0,0.5,0,0,0,0,0,0,0,2
"7","Central Equatoria1332",0,0,0,0,0.75,0.75,0,0.5,0,0,0.4,4
"8","Central Equatoria1362",NA,NA,NA,NA,NA,NA,NA,NA,NA,NA,NA,1
"9","Central Equatoria1363",0,0.666666666666667,0,0.333333333333333,1,1,0,0.333333333333333,0,0,0.466666666666667,3
"10","Central Equatoria1367",0,1,0,0,0,0,0,0,0,0,0,3
"11","Central Equatoria1371",0,0.222222222222222,0,0,0.888888888888889,0.222222222222222,0.666666666666667,0.111111111111111,0,0,0.377777777777778,9
"12","Central Equatoria1408",NA,NA,NA,NA,NA,NA,NA,NA,NA,NA,NA,1
"13","Central Equatoria1410",NA,NA,NA,NA,NA,NA,NA,NA,NA,NA,NA,1
"14","Central Equatoria1411",0,0,0,0,1,0.666666666666667,0,0.333333333333333,0,0,0.4,3
"15","Central Equatoria1441",NA,NA,NA,NA,NA,NA,NA,NA,NA,NA,NA,1
"16","Central Equatoria1442",NA,NA,NA,NA,NA,NA,NA,NA,NA,NA,NA,1
"17","Central Equatoria1481",0,0.666666666666667,0,0.666666666666667,1,0.333333333333333,0.333333333333333,1,0,0,0.533333333333333,3
"18","Central Equatoria1482",NA,NA,NA,NA,NA,NA,NA,NA,NA,NA,NA,1
"19","Central Equatoria1483",NA,NA,NA,NA,NA,NA,NA,NA,NA,NA,NA,1
"20","Central Equatoria1485",NA,NA,NA,NA,NA,NA,NA,NA,NA,NA,NA,1
"21","Central Equatoria1486",0,1,0,1,1,1,1,0,1,0,0.8,2
"22","Central Equatoria1490",0,0.333333333333333,0,0.333333333333333,1,0.666666666666667,0.666666666666667,0.333333333333333,0.333333333333333,0,0.6,3
"23","Central Equatoria1521",0,1,0,0.666666666666667,1,0.333333333333333,1,0.333333333333333,0,0,0.533333333333333,3
"24","Central Equatoria1522",0,1,0,0,1,0.333333333333333,1,0,0,0,0.466666666666667,3
"25","Central Equatoria1525",NA,NA,NA,NA,NA,NA,NA,NA,NA,NA,NA,1
"26","Central Equatoria1526",0,0.25,0.0833333333333333,0,1,0.583333333333333,0.833333333333333,0.166666666666667,0.0833333333333333,0,0.533333333333333,12
"27","Central Equatoria1531",0,0.590909090909091,0,0.5,0.681818181818182,0.545454545454545,0.0909090909090909,0.409090909090909,0,0,0.345454545454545,22
"28","Central Equatoria1566",NA,NA,NA,NA,NA,NA,NA,NA,NA,NA,NA,1
"29","Central Equatoria1567",NA,NA,NA,NA,NA,NA,NA,NA,NA,NA,NA,1
"30","Central Equatoria1568",NA,NA,NA,NA,NA,NA,NA,NA,NA,NA,NA,1
"31","Central Equatoria1569",0,0.142857142857143,0,0,1,0.714285714285714,1,0.142857142857143,0.142857142857143,0,0.6,7
"32","Central Equatoria1570",0,0.4,0,0,0.6,0.4,0.2,0,0,0,0.24,5
"33","Central Equatoria1605",0,0.25,0,0,1,0.75,1,0.25,0.5,0,0.7,4
"34","Central Equatoria1609",NA,NA,NA,NA,NA,NA,NA,NA,NA,NA,NA,1
"35","Eastern Equatoria1561",0,0.75,0,0,1,0.25,0.5,0,0.25,0,0.4,4
"36","Eastern Equatoria1604",NA,NA,NA,NA,NA,NA,NA,NA,NA,NA,NA,1
"37","Eastern Equatoria1640",0,0,0,0,1,0.5,1,0.5,0,0,0.6,2
"38","Eastern Equatoria1641",NA,NA,NA,NA,NA,NA,NA,NA,NA,NA,NA,1
"39","Eastern Equatoria1644",NA,NA,NA,NA,NA,NA,NA,NA,NA,NA,NA,1
"40","Eastern Equatoria1681",NA,NA,NA,NA,NA,NA,NA,NA,NA,NA,NA,1
"41","Eastern Equatoria1683",NA,NA,NA,NA,NA,NA,NA,NA,NA,NA,NA,1
"42","Eastern Equatoria1721",0,0,0,0,0.5,0.5,0,0.5,0,0,0.3,2
"43","Eastern Equatoria1722",NA,NA,NA,NA,NA,NA,NA,NA,NA,NA,NA,1
"44","Eastern Equatoria1723",0,0.4,0.2,0,0.9,0.9,0.5,0.7,0,0,0.6,10
"45","Eastern Equatoria1724",0,0.666666666666667,0.333333333333333,0,1,1,0.333333333333333,0.666666666666667,0,0,0.6,3
"46","Eastern Equatoria1761",NA,NA,NA,NA,NA,NA,NA,NA,NA,NA,NA,1
"47","Eastern Equatoria1765",0,0,0,0,1,0.5,0.5,1,0,0,0.6,2
"48","Eastern Equatoria1884",NA,NA,NA,NA,NA,NA,NA,NA,NA,NA,NA,1
"49","Eastern Equatoria1923",0,0.142857142857143,0,0,1,1,0.285714285714286,0,0,0,0.457142857142857,7
"50","Eastern Equatoria1925",NA,NA,NA,NA,NA,NA,NA,NA,NA,NA,NA,1
"51","Eastern Equatoria1926",0,0,0,0,1,1,0.727272727272727,0,0,0,0.545454545454545,22
"52","Eastern Equatoria1927",0,0,0,0,1,1,1,0,0,0,0.6,3
"53","Eastern Equatoria1928",0,0,0,0,1,1,0.5,0,0,0,0.5,2
"54","Eastern Equatoria1962",NA,NA,NA,NA,NA,NA,NA,NA,NA,NA,NA,1
"55","Eastern Equatoria1964",0,0.333333333333333,0,0,1,1,0,0,0,0,0.4,3
"56","Eastern Equatoria1965",0,0,0,0,1,1,0.285714285714286,0,0,0,0.457142857142857,7
"57","Eastern Equatoria1966",0,0,0,0,1,1,0.25,0,0,0,0.45,4
"58","Eastern Equatoria1967",NA,NA,NA,NA,NA,NA,NA,NA,NA,NA,NA,1
"59","Eastern Equatoria1968",0,0,0,0,1,1,0.5,0,0,0,0.5,2
"60","Eastern Equatoria2005",0,0,0,0,1,1,0.333333333333333,0,0,0,0.466666666666667,3
"61","Eastern Equatoria2006",0,0,0,0,1,1,0.5,0,0,0,0.5,2
"62","Eastern Equatoria2007",0,0,0,0,1,1,0.333333333333333,0,0,0,0.466666666666667,3
"63","Eastern Equatoria2044",NA,NA,NA,NA,NA,NA,NA,NA,NA,NA,NA,1
"64","Eastern Equatoria2045",NA,NA,NA,NA,NA,NA,NA,NA,NA,NA,NA,1
"65","Eastern Equatoria2086",NA,NA,NA,NA,NA,NA,NA,NA,NA,NA,NA,1
"66","Eastern Equatoria2127",NA,NA,NA,NA,NA,NA,NA,NA,NA,NA,NA,1
"67","Eastern Equatoria2129",0,0,0,0,1,1,0.666666666666667,0,0,0,0.533333333333333,3
"68","Eastern Equatoria2168",0,0,0,0,1,1,0,0,0,0,0.4,2
"69","Eastern Equatoria2169",0,0,0,0,1,1,0.666666666666667,0,0,0,0.533333333333333,3
"70","Eastern Equatoria2208",0,0,0,0,1,1,0.5,0,0,0,0.5,2
"71","Eastern Equatoria2209",NA,NA,NA,NA,NA,NA,NA,NA,NA,NA,NA,1
"72","Eastern Equatoria2249",0,0,0,0,1,1,0.25,0,0,0,0.45,4
"73","Jonglei1340",NA,NA,NA,NA,NA,NA,NA,NA,NA,NA,NA,1
"74","Jonglei1343",NA,NA,NA,NA,NA,NA,NA,NA,NA,NA,NA,1
"75","Jonglei1345",0,0,0,0,0,0,0,1,0,0,0.2,2
"76","Jonglei1377",0,0.5,0.5,0,0,0,0,0,0,0,0,2
"77","Jonglei1378",0,0.5,0.5,0,0.5,0.5,0.5,0,0,0,0.3,2
"78","Jonglei1382",0,1,0,0.5,0,0,0,0,0,0,0,2
"79","Jonglei1383",0,0.333333333333333,0,0,0.333333333333333,0.333333333333333,0,0.333333333333333,0,0,0.2,3
"80","Jonglei1384",0,0.5,0,0,0.5,0.5,0,0.5,0,0,0.3,2
"81","Jonglei1385",0,0,0,0,0.6,0.4,0,0.8,0,0,0.36,10
"82","Jonglei1422",0,0.5,0,0,0,0,0,0,0,0,0,2
"83","Jonglei1423",NA,NA,NA,NA,NA,NA,NA,NA,NA,NA,NA,1
"84","Jonglei1424",0,0.5,0,0,0.333333333333333,0.166666666666667,0,0.833333333333333,0,0,0.266666666666667,6
"85","Jonglei1425",0,0,0,0,0.5,0.5,0,0.5,0,0,0.3,2
"86","Jonglei1460",0,0.5,0,0.5,0.5,0.5,0,0,0,0,0.2,2
"87","Jonglei1461",0,0.666666666666667,0,0.166666666666667,0.166666666666667,0.0833333333333333,0,0,0,0,0.05,12
"88","Jonglei1462",0,0.75,0,0,0,0,0,0,0,0,0,4
"89","Jonglei1463",NA,NA,NA,NA,NA,NA,NA,NA,NA,NA,NA,1
"90","Jonglei1465",0,1,0,0,0,0,0,0,0,0,0,3
"91","Jonglei1466",0,0.875,0,0.125,0.5,0.5,0,0.25,0,0.375,0.25,8
"92","Jonglei1494",0,0.333333333333333,0.111111111111111,0,0.222222222222222,0.222222222222222,0.111111111111111,0,0,0,0.111111111111111,9
"93","Jonglei1495",0,0.615384615384615,0.230769230769231,0,0.538461538461538,0.230769230769231,0.153846153846154,0.0769230769230769,0,0,0.2,13
"94","Jonglei1496",0,0.9,0.3,0,0.3,0.1,0,0,0,0,0.08,10
"95","Jonglei1497",NA,NA,NA,NA,NA,NA,NA,NA,NA,NA,NA,1
"96","Jonglei1498",0,0.333333333333333,0.111111111111111,0.111111111111111,0.888888888888889,0.777777777777778,0.222222222222222,0.111111111111111,0,0,0.4,9
"97","Jonglei1499",0,0.25,0,0,0.5,0.5,0.25,0,0,0,0.25,4
"98","Jonglei1500",0,0.666666666666667,0,0.333333333333333,0,0,0,0,0,0,0,3
"99","Jonglei1501",0,0.5,0,0,0,0,0,0,0,0,0,4
"100","Jonglei1503",0,0.5,0,0,0,0,0,0,0,0,0,2
"101","Jonglei1504",0,1,0,0.333333333333333,0.333333333333333,0.333333333333333,0,0.333333333333333,0,0.333333333333333,0.2,3
"102","Jonglei1505",0,1,0,0.166666666666667,0,0,0,0.166666666666667,0,0,0.0333333333333333,6
"103","Jonglei1506",NA,NA,NA,NA,NA,NA,NA,NA,NA,NA,NA,1
"104","Jonglei1534",0,0,0,0,1,0.75,0.5,0.25,0,0,0.5,4
"105","Jonglei1536",NA,NA,NA,NA,NA,NA,NA,NA,NA,NA,NA,1
"106","Jonglei1538",NA,NA,NA,NA,NA,NA,NA,NA,NA,NA,NA,1
"107","Jonglei1539",NA,NA,NA,NA,NA,NA,NA,NA,NA,NA,NA,1
"108","Jonglei1540",NA,NA,NA,NA,NA,NA,NA,NA,NA,NA,NA,1
"109","Jonglei1545",NA,NA,NA,NA,NA,NA,NA,NA,NA,NA,NA,1
"110","Jonglei1546",0,0.785714285714286,0,0.285714285714286,0.428571428571429,0.428571428571429,0,0,0,0.214285714285714,0.171428571428571,14
"111","Jonglei1571",0,0,0,0,1,0.5,0,0,0,0,0.3,2
"112","Jonglei1572",0,0.5,0,0,0,0,0,0,0,0,0,2
"113","Jonglei1578",NA,NA,NA,NA,NA,NA,NA,NA,NA,NA,NA,1
"114","Jonglei1579",0,0,0,0,0,0,0,0,0,0,0,2
"115","Jonglei1580",NA,NA,NA,NA,NA,NA,NA,NA,NA,NA,NA,1
"116","Jonglei1581",NA,NA,NA,NA,NA,NA,NA,NA,NA,NA,NA,1
"117","Jonglei1583",NA,NA,NA,NA,NA,NA,NA,NA,NA,NA,NA,1
"118","Jonglei1584",0,1,0,0.666666666666667,0,0,0,0.166666666666667,0,0,0.0333333333333333,6
"119","Jonglei1585",0,1,0,0,1,1,0,0,0,0.5,0.4,2
"120","Jonglei1619",0,0.75,0.75,0.25,0,0,0,0,0,0,0,4
"121","Jonglei1620",0,0.9,0.8,0.3,0.1,0,0,0.1,0.1,0,0.06,10
"122","Jonglei1621",0,0.5,0,0.5,0.5,0.5,0.5,0.5,0,0,0.4,2
"123","Jonglei1622",0,1,1,0.333333333333333,0.166666666666667,0.166666666666667,0.166666666666667,0.166666666666667,0,0,0.133333333333333,6
"124","Jonglei1623",NA,NA,NA,NA,NA,NA,NA,NA,NA,NA,NA,1
"125","Jonglei1625",NA,NA,NA,NA,NA,NA,NA,NA,NA,NA,NA,1
"126","Jonglei1660",0,0.555555555555556,0.222222222222222,0.111111111111111,0,0,0,0,0,0,0,9
"127","Jonglei1661",0,0.5,0.5,0.5,0,0,0,0,0,0,0,2
"128","Jonglei1662",0,0.666666666666667,0.333333333333333,0,0.166666666666667,0.166666666666667,0,0.166666666666667,0,0,0.1,6
"129","Jonglei1692",NA,NA,NA,NA,NA,NA,NA,NA,NA,NA,NA,1
"130","Jonglei1700",0,0,0,0,0,0,0,0,0,0,0,4
"131","Jonglei1701",0,0.166666666666667,0,0,0,0,0,0,0,0,0,6
"132","Jonglei1705",0,0.666666666666667,0,0.333333333333333,0.666666666666667,0.666666666666667,0,0.333333333333333,0,0,0.333333333333333,3
"133","Jonglei1743",0,0.5,0,0.5,0.5,0.5,0,0.5,0.5,0,0.4,2
"134","Jonglei1744",NA,NA,NA,NA,NA,NA,NA,NA,NA,NA,NA,1
"135","Jonglei1782",0,0.5,0,0,1,0.5,0.5,1,0.5,0,0.7,2
"136","Jonglei1817",0,0,0,0,0,0,0,0,0,0,0,3
"137","Jonglei1818",NA,NA,NA,NA,NA,NA,NA,NA,NA,NA,NA,1
"138","Jonglei1819",0,0,0,0,0.714285714285714,0.428571428571429,0,0,0.571428571428571,0,0.342857142857143,7
"139","Jonglei1859",0,0.318181818181818,0.272727272727273,0.136363636363636,0.318181818181818,0.136363636363636,0.0454545454545455,0,0.227272727272727,0,0.145454545454545,22
"140","Jonglei1860",0,0,0,0,0.5,0.5,0,0.5,0.5,0,0.4,2
"141","Lakes1015",NA,NA,NA,NA,NA,NA,NA,NA,NA,NA,NA,1
"142","Lakes1016",0,0,0,0,0.5,0.5,0.5,0,0,0,0.3,2
"143","Lakes1017",NA,NA,NA,NA,NA,NA,NA,NA,NA,NA,NA,1
"144","Lakes1054",0,0,0,0,0.5,0.5,0,0,0.5,0,0.3,2
"145","Lakes1055",NA,NA,NA,NA,NA,NA,NA,NA,NA,NA,NA,1
"146","Lakes1056",0,0.4,0.4,0.4,1,0.8,0.2,0.6,0,0,0.52,5
"147","Lakes1092",NA,NA,NA,NA,NA,NA,NA,NA,NA,NA,NA,1
"148","Lakes1093",NA,NA,NA,NA,NA,NA,NA,NA,NA,NA,NA,1
"149","Lakes1094",NA,NA,NA,NA,NA,NA,NA,NA,NA,NA,NA,1
"150","Lakes1095",0,0.4,0,0,0.8,0.8,0.2,0.4,0.2,0,0.48,5
"151","Lakes1096",0,0.333333333333333,0,0.333333333333333,1,1,1,0.333333333333333,0.333333333333333,0,0.733333333333333,3
"152","Lakes1132",0,0.25,0,0.25,0.75,0.75,0.75,0.75,0.75,0,0.75,4
"153","Lakes1133",0,0.6,0.2,0.4,1,1,0.6,0.2,0.2,0,0.6,5
"154","Lakes1134",0,0.285714285714286,0.142857142857143,0.285714285714286,0.857142857142857,0.857142857142857,0.428571428571429,0,0.142857142857143,0,0.457142857142857,7
"155","Lakes1135",0,0.5,0.2,0.4,1,1,0.6,0.1,0.2,0,0.58,10
"156","Lakes1138",0,0.5,0.2,0.4,1,1,0.7,0.4,0.6,0,0.74,10
"157","Lakes1139",0,0,0,0,0.333333333333333,0.333333333333333,0.333333333333333,0,0.333333333333333,0,0.266666666666667,3
"158","Lakes1173",0,0.142857142857143,0,0.142857142857143,1,1,0.285714285714286,0.428571428571429,0.142857142857143,0,0.571428571428571,7
"159","Lakes1174",0,0.533333333333333,0.2,0.4,1,1,0.733333333333333,0.0666666666666667,0.466666666666667,0,0.653333333333333,15
"160","Lakes1175",NA,NA,NA,NA,NA,NA,NA,NA,NA,NA,NA,1
"161","Lakes1176",0,1,1,1,1,1,0,0.5,0.5,0,0.6,2
"162","Lakes1177",NA,NA,NA,NA,NA,NA,NA,NA,NA,NA,NA,1
"163","Lakes1178",0,0.5,0.5,0,1,1,0.75,0.5,0.75,0,0.8,4
"164","Lakes1214",0,0.5,0.25,0.5,1,1,0.75,0.25,0.25,0,0.65,4
"165","Lakes1253",0,0,0,0,1,1,0.666666666666667,0,0,0,0.533333333333333,3
"166","Lakes1254",NA,NA,NA,NA,NA,NA,NA,NA,NA,NA,NA,1
"167","Lakes1255",0,1,1,1,1,1,0.5,0,0,0,0.5,2
"168","Lakes1257",NA,NA,NA,NA,NA,NA,NA,NA,NA,NA,NA,1
"169","Lakes1292",0,0,0,0,1,0.8,0.2,0.2,0,0,0.44,5
"170","Lakes1293",0,0,0,0,1,0.5,0.5,0,0,0,0.4,2
"171","Lakes1294",0,0,0,0,0.777777777777778,0.777777777777778,0,0.222222222222222,0,0.111111111111111,0.355555555555556,9
"172","Lakes1333",0,0,0,0,0.5,0.3125,0.1875,0.1875,0,0,0.2375,16
"173","Lakes1334",0,0,0,0,0.818181818181818,0.454545454545455,0.0909090909090909,0.272727272727273,0,0,0.327272727272727,11
"174","Lakes1373",NA,NA,NA,NA,NA,NA,NA,NA,NA,NA,NA,1
"175","Lakes1374",0,0,0,0,0.75,0.5,0.25,0.5,0,0,0.4,4
"176","Lakes1375",0,0,0,0,0.8,0.8,0.2,0,0,0,0.36,5
"177","Lakes1376",NA,NA,NA,NA,NA,NA,NA,NA,NA,NA,NA,1
"178","Lakes1412",0,0,0,0,0.75,0.5,0.5,0.25,0,0,0.4,4
"179","Lakes1413",0,0,0,0,0.4,0.4,0,0,0,0,0.16,5
"180","Lakes1452",0,0,0,0,0.705882352941177,0.705882352941177,0.117647058823529,0.117647058823529,0,0,0.329411764705882,17
"181","Lakes1453",0,0,0,0,0.583333333333333,0.5,0.0833333333333333,0.333333333333333,0,0.0833333333333333,0.3,12
"182","Lakes1491",0,0,0,0,0.5,0.5,0.25,0,0,0,0.25,4
"183","Lakes1492",0,0,0,0,0.5,0.5,0,0,0,0,0.2,2
"184","Lakes1493",NA,NA,NA,NA,NA,NA,NA,NA,NA,NA,NA,1
"185","Lakes1532",0,0.9,0.166666666666667,0.4,0.8,0.7,0,0,0.0666666666666667,0,0.313333333333333,30
"186","Lakes1533",0,0.153846153846154,0,0.0769230769230769,0.615384615384615,0.384615384615385,0.0769230769230769,0,0,0,0.215384615384615,13
"187","Lakes976",NA,NA,NA,NA,NA,NA,NA,NA,NA,NA,NA,1
"188","Northern Bahr el Ghazal463",NA,NA,NA,NA,NA,NA,NA,NA,NA,NA,NA,1
"189","Northern Bahr el Ghazal464",0,0,0,0,1,0.5,1,0.5,0,0.5,0.6,2
"190","Northern Bahr el Ghazal465",NA,NA,NA,NA,NA,NA,NA,NA,NA,NA,NA,1
"191","Northern Bahr el Ghazal502",NA,NA,NA,NA,NA,NA,NA,NA,NA,NA,NA,1
"192","Northern Bahr el Ghazal504",0,0,0,0,1,1,0.5,0,0,0.5,0.5,2
"193","Northern Bahr el Ghazal540",NA,NA,NA,NA,NA,NA,NA,NA,NA,NA,NA,1
"194","Northern Bahr el Ghazal542",0,0.5,0,0,0,0,0,0,0,0,0,2
"195","Northern Bahr el Ghazal544",NA,NA,NA,NA,NA,NA,NA,NA,NA,NA,NA,1
"196","Northern Bahr el Ghazal545",0,0,0,0,0,0,0,0.5,0,0,0.1,2
"197","Northern Bahr el Ghazal581",NA,NA,NA,NA,NA,NA,NA,NA,NA,NA,NA,1
"198","Northern Bahr el Ghazal582",NA,NA,NA,NA,NA,NA,NA,NA,NA,NA,NA,1
"199","Northern Bahr el Ghazal583",0,0.5,0,0,0.75,0.75,0.5,0.25,0,0,0.45,4
"200","Northern Bahr el Ghazal584",0,0,0,0,0.75,0.75,0.5,0.5,0.25,0,0.55,4
"201","Northern Bahr el Ghazal585",0,0.0714285714285714,0,0,0.964285714285714,0.892857142857143,0.714285714285714,0.464285714285714,0.0714285714285714,0.0357142857142857,0.621428571428571,28
"202","Northern Bahr el Ghazal586",0,0,0,0,0.333333333333333,0.333333333333333,0.333333333333333,0.333333333333333,0,0,0.266666666666667,3
"203","Northern Bahr el Ghazal587",NA,NA,NA,NA,NA,NA,NA,NA,NA,NA,NA,1
"204","Northern Bahr el Ghazal622",0,0.333333333333333,0,0,0.666666666666667,0.666666666666667,0,0,0,0,0.266666666666667,3
"205","Northern Bahr el Ghazal624",NA,NA,NA,NA,NA,NA,NA,NA,NA,NA,NA,1
"206","Northern Bahr el Ghazal625",0,0.2,0,0.0666666666666667,0.933333333333333,0.866666666666667,0.666666666666667,0.4,0.0666666666666667,0.133333333333333,0.586666666666667,15
"207","Northern Bahr el Ghazal662",0,0,0,0,1,1,0.5,1,0.5,0,0.8,2
"208","Northern Bahr el Ghazal663",0,0,0,0,1,1,0.666666666666667,0.666666666666667,0.333333333333333,0,0.733333333333333,3
"209","Northern Bahr el Ghazal664",0,0.2,0,0,1,1,0.6,0.4,0.2,0.2,0.64,5
"210","Northern Bahr el Ghazal665",0,0.153846153846154,0,0,0.923076923076923,0.923076923076923,0.461538461538462,0.384615384615385,0.0769230769230769,0,0.553846153846154,13
"211","Northern Bahr el Ghazal666",0,0.333333333333333,0,0,1,1,0.333333333333333,0,0,0,0.466666666666667,3
"212","Northern Bahr el Ghazal667",NA,NA,NA,NA,NA,NA,NA,NA,NA,NA,NA,1
"213","Northern Bahr el Ghazal702",0,0.333333333333333,0,0,0.666666666666667,0.333333333333333,0.333333333333333,0.333333333333333,0,0,0.333333333333333,3
"214","Northern Bahr el Ghazal703",0,0.384615384615385,0,0,0.846153846153846,0.846153846153846,0.538461538461538,0.153846153846154,0,0,0.476923076923077,13
"215","Northern Bahr el Ghazal704",0,0.166666666666667,0,0,0.833333333333333,0.833333333333333,0.5,0.5,0,0,0.533333333333333,6
"216","Northern Bahr el Ghazal705",0,0.2,0,0,0.6,0.6,0.4,0,0,0,0.32,5
"217","Northern Bahr el Ghazal706",0,0.2,0,0,0.6,0.6,0.4,0.4,0,0,0.4,5
"218","Northern Bahr el Ghazal707",0,0,0,0,0,0,0,0,0,0,0,2
"219","Northern Bahr el Ghazal742",0,0.166666666666667,0,0.166666666666667,0.833333333333333,0.666666666666667,0.666666666666667,0.5,0,0.166666666666667,0.533333333333333,6
"220","Northern Bahr el Ghazal743",0,0.1,0.1,0,1,1,0.8,0.1,0,0.1,0.58,10
"221","Northern Bahr el Ghazal744",0,0.166666666666667,0.166666666666667,0,0.916666666666667,0.833333333333333,0.75,0.5,0,0,0.6,12
"222","Northern Bahr el Ghazal745",0,0.24,0,0.04,0.88,0.84,0.72,0.28,0,0,0.544,25
"223","Northern Bahr el Ghazal746",0,0.5,0,0,0.5,0.5,0.25,0,0,0,0.25,4
"224","Northern Bahr el Ghazal783",0,0.285714285714286,0.142857142857143,0,1,0.857142857142857,0.428571428571429,0.428571428571429,0.142857142857143,0.285714285714286,0.571428571428571,7
"225","Northern Bahr el Ghazal785",0,0,0,0,0.5,0.5,0,0,0,0,0.2,2
"226","Northern Bahr el Ghazal823",NA,NA,NA,NA,NA,NA,NA,NA,NA,NA,NA,1
"227","Northern Bahr el Ghazal824",0,0.5,0.5,0,0.5,0.5,0.5,0,0,0.5,0.3,2
"228","Unity1025",0,0,0,0,1,0,0.5,0,0.5,0.5,0.4,2
"229","Unity1026",0,0,0,0,0,0,0,0,0,0,0,3
"230","Unity1027",NA,NA,NA,NA,NA,NA,NA,NA,NA,NA,NA,1
"231","Unity1065",0,0.571428571428571,0,0.285714285714286,0.571428571428571,0.142857142857143,0.142857142857143,0.142857142857143,0.142857142857143,0.285714285714286,0.228571428571429,7
"232","Unity1103",NA,NA,NA,NA,NA,NA,NA,NA,NA,NA,NA,1
"233","Unity1104",0,0.5,0.5,0.5,0,0,0,0,0,0,0,2
"234","Unity1144",0,0.333333333333333,0,0.333333333333333,0,0,0,0,0,0,0,3
"235","Unity1145",0,0.375,0.125,0.375,0.375,0,0.125,0.125,0,0,0.125,8
"236","Unity1146",0,0,0,0,0.5,0,0,0.5,0,0,0.2,2
"237","Unity1182",0,0.5,0.5,0,0.5,0,0,0,0,0,0.1,2
"238","Unity1183",0,0.333333333333333,0,0,0.444444444444444,0,0,0,0,0,0.0888888888888889,9
"239","Unity1184",0,0.5,0.166666666666667,0.333333333333333,0.333333333333333,0,0,0,0,0,0.0666666666666667,6
"240","Unity1185",0,0.307692307692308,0,0.307692307692308,0,0,0,0,0,0,0,13
"241","Unity1188",0,0,0,0,0,0,0,0,0,0,0,3
"242","Unity1221",0,0.75,0.25,0.25,0,0,0,0,0,0,0,4
"243","Unity1222",0,0.642857142857143,0.0714285714285714,0.214285714285714,0.571428571428571,0,0.142857142857143,0,0,0,0.142857142857143,14
"244","Unity1223",0,0.285714285714286,0.142857142857143,0.142857142857143,0.142857142857143,0,0,0,0,0.142857142857143,0.0285714285714286,7
"245","Unity1224",0,0.5,0,0.5,0,0,0,0,0,0,0,2
"246","Unity1225",0,0.5,0,0.375,0,0,0,0,0,0,0,8
"247","Unity1226",0,0.333333333333333,0,0.333333333333333,0.333333333333333,0,0,0,0,0,0.0666666666666667,3
"248","Unity1228",0,0.25,0,0,0,0,0,0,0,0,0,4
"249","Unity1229",0,0,0,0,0.333333333333333,0,0,0,0,0,0.0666666666666667,3
"250","Unity1258",0,1,0.0882352941176471,0.323529411764706,0,0,0,0.382352941176471,0,0.0294117647058824,0.0764705882352941,34
"251","Unity1260",0,1,0,0.833333333333333,0,0,0,0,0,0,0,6
"252","Unity1261",0,0.609756097560976,0.0731707317073171,0.414634146341463,0.170731707317073,0,0.0487804878048781,0.024390243902439,0,0.024390243902439,0.0487804878048781,41
"253","Unity1262",NA,NA,NA,NA,NA,NA,NA,NA,NA,NA,NA,1
"254","Unity1263",NA,NA,NA,NA,NA,NA,NA,NA,NA,NA,NA,1
"255","Unity1265",0,0,0,0,0,0,0,0,0,0,0,2
"256","Unity1267",0,0,0,0,0.1,0.1,0.1,0,0,0,0.06,10
"257","Unity1268",0,0,0,0,0.117647058823529,0.117647058823529,0.0588235294117647,0,0,0,0.0588235294117647,17
"258","Unity1269",0,0.333333333333333,0,0,0,0,0,0,0,0,0,3
"259","Unity1297",0,1,0,0.666666666666667,0,0,0,0.333333333333333,0,0,0.0666666666666667,3
"260","Unity1298",0,1,0.333333333333333,0,0,0,0,0,0,0,0,3
"261","Unity1299",NA,NA,NA,NA,NA,NA,NA,NA,NA,NA,NA,1
"262","Unity1301",NA,NA,NA,NA,NA,NA,NA,NA,NA,NA,NA,1
"263","Unity1307",NA,NA,NA,NA,NA,NA,NA,NA,NA,NA,NA,1
"264","Unity1308",0,0,0,0,0,0,0,0,0,0,0,3
"265","Unity1309",NA,NA,NA,NA,NA,NA,NA,NA,NA,NA,NA,1
"266","Unity1338",NA,NA,NA,NA,NA,NA,NA,NA,NA,NA,NA,1
"267","Upper Nile1386",0,0.166666666666667,0,0,0.833333333333333,0.666666666666667,0,0.666666666666667,0,0,0.433333333333333,6
"268","Upper Nile1426",0,0.571428571428571,0,0.142857142857143,0.571428571428571,0.428571428571429,0,0.428571428571429,0,0.285714285714286,0.285714285714286,7
"269","Upper Nile1547",0,1,0,0.75,0.25,0.25,0,0.25,0,0,0.15,4
"270","Upper Nile1586",0,0.944444444444444,0,0.833333333333333,0.166666666666667,0.0555555555555556,0,0,0.0555555555555556,0,0.0555555555555556,18
"271","Upper Nile1587",0,1,0,0.5,0.5,0.5,0,0,0.25,0.25,0.25,4
"272","Upper Nile1626",NA,NA,NA,NA,NA,NA,NA,NA,NA,NA,NA,1
"273","Upper Nile1627",NA,NA,NA,NA,NA,NA,NA,NA,NA,NA,NA,1
"274","Upper Nile1628",0,0.941176470588235,0,0,0.235294117647059,0.235294117647059,0,0.0588235294117647,0,0.0588235294117647,0.105882352941176,17
"275","Upper Nile1629",0,1,0,0,0,0,0,0,0,0,0,2
"276","Upper Nile1664",NA,NA,NA,NA,NA,NA,NA,NA,NA,NA,NA,1
"277","Upper Nile1665",0,1,0,0.5,0.5,0.25,0,0,0,0.25,0.15,4
"278","Upper Nile1667",0,1,0,0,0,0,0,0,0,0,0,2
"279","Upper Nile1668",0,0.866666666666667,0,0.0666666666666667,0.133333333333333,0.133333333333333,0,0.133333333333333,0,0,0.08,15
"280","Upper Nile1669",0,0.8,0,0.4,0,0,0,0.2,0,0,0.04,5
"281","Upper Nile1670",NA,NA,NA,NA,NA,NA,NA,NA,NA,NA,NA,1
"282","Upper Nile1671",0,0.5,0,0,0.5,0.5,0.5,1,0,0,0.5,2
"283","Upper Nile1707",NA,NA,NA,NA,NA,NA,NA,NA,NA,NA,NA,1
"284","Upper Nile1709",0,0.333333333333333,0,0,0.666666666666667,0.666666666666667,0.333333333333333,0.333333333333333,0,0.333333333333333,0.4,3
"285","Upper Nile1710",NA,NA,NA,NA,NA,NA,NA,NA,NA,NA,NA,1
"286","Upper Nile1711",0,0.333333333333333,0,0.333333333333333,0.333333333333333,0.333333333333333,0.333333333333333,0.333333333333333,0,0,0.266666666666667,3
"287","Upper Nile1712",0,0,0,0,0.5,0.5,0.5,0.5,0,0,0.4,2
"288","Upper Nile1749",NA,NA,NA,NA,NA,NA,NA,NA,NA,NA,NA,1
"289","Upper Nile1750",0,0.25,0,0.25,0.75,0.75,0.25,0.75,0,0,0.5,4
"290","Upper Nile1751",0,0,0,0,0.5,0.5,0,0,0,0,0.2,2
"291","Upper Nile1752",NA,NA,NA,NA,NA,NA,NA,NA,NA,NA,NA,1
"292","Upper Nile1783",0,0.75,0.25,0.583333333333333,0.333333333333333,0.25,0.25,0.333333333333333,0.25,0,0.283333333333333,12
"293","Upper Nile1784",NA,NA,NA,NA,NA,NA,NA,NA,NA,NA,NA,1
"294","Upper Nile1785",NA,NA,NA,NA,NA,NA,NA,NA,NA,NA,NA,1
"295","Upper Nile1791",NA,NA,NA,NA,NA,NA,NA,NA,NA,NA,NA,1
"296","Upper Nile1793",0,0.333333333333333,0,0.333333333333333,0.333333333333333,0.333333333333333,0,0.666666666666667,0,0,0.266666666666667,3
"297","Upper Nile1794",0,0,0,0,0.5,0,0,0.5,0,0,0.2,2
"298","Upper Nile1795",0,0.5,0,0.5,0,0,0,0.5,0,0,0.1,2
"299","Upper Nile1796",0,0.666666666666667,0,0,0.666666666666667,0.666666666666667,0,0.666666666666667,0,0,0.4,3
"300","Upper Nile1798",0,0.666666666666667,0,0.666666666666667,0,0,0,0.333333333333333,0,0,0.0666666666666667,3
"301","Upper Nile1822",0,0.571428571428571,0.285714285714286,0,0.714285714285714,0.714285714285714,0.142857142857143,0.714285714285714,0.428571428571429,0,0.542857142857143,7
"302","Upper Nile1823",0,0,0,0,1,0.5,1,1,0.5,0,0.8,2
"303","Upper Nile1824",NA,NA,NA,NA,NA,NA,NA,NA,NA,NA,NA,1
"304","Upper Nile1828",0.5,1,0,0.5,0,0,0,0,0,0,0,2
"305","Upper Nile1829",NA,NA,NA,NA,NA,NA,NA,NA,NA,NA,NA,1
"306","Upper Nile1835",0.142857142857143,0.285714285714286,0,0.142857142857143,0.714285714285714,0.571428571428571,0.142857142857143,0.428571428571429,0,0,0.371428571428571,7
"307","Upper Nile1836",0,0.571428571428571,0.142857142857143,0.428571428571429,0.714285714285714,0.285714285714286,0.142857142857143,0.142857142857143,0.142857142857143,0,0.285714285714286,7
"308","Upper Nile1837",NA,NA,NA,NA,NA,NA,NA,NA,NA,NA,NA,1
"309","Upper Nile1861",NA,NA,NA,NA,NA,NA,NA,NA,NA,NA,NA,1
"310","Upper Nile1862",0,0.777777777777778,0.555555555555556,0.444444444444444,0.444444444444444,0.222222222222222,0.222222222222222,0.444444444444444,0.333333333333333,0,0.333333333333333,9
"311","Upper Nile1863",0,0.666666666666667,0.166666666666667,0.166666666666667,0.5,0.5,0.166666666666667,0.5,0.333333333333333,0,0.4,6
"312","Upper Nile1864",NA,NA,NA,NA,NA,NA,NA,NA,NA,NA,NA,1
"313","Upper Nile1869",NA,NA,NA,NA,NA,NA,NA,NA,NA,NA,NA,1
"314","Upper Nile1870",NA,NA,NA,NA,NA,NA,NA,NA,NA,NA,NA,1
"315","Upper Nile1876",NA,NA,NA,NA,NA,NA,NA,NA,NA,NA,NA,1
"316","Upper Nile1878",NA,NA,NA,NA,NA,NA,NA,NA,NA,NA,NA,1
"317","Upper Nile1901",0,0.666666666666667,0.333333333333333,0,1,0.333333333333333,0.333333333333333,1,1,0,0.733333333333333,3
"318","Upper Nile1903",0,0.5,0.5,0.5,0,0,0,0,0,0,0,2
"319","Upper Nile1909",NA,NA,NA,NA,NA,NA,NA,NA,NA,NA,NA,1
"320","Upper Nile1947",NA,NA,NA,NA,NA,NA,NA,NA,NA,NA,NA,1
"321","Upper Nile1949",0,0.666666666666667,0,0.333333333333333,0,0,0,0.333333333333333,0,0,0.0666666666666667,3
"322","Upper Nile1950",NA,NA,NA,NA,NA,NA,NA,NA,NA,NA,NA,1
"323","Upper Nile1988",0,0.5,0,0.25,0.25,0.5,0,0.5,0,0,0.25,4
"324","Upper Nile1990",NA,NA,NA,NA,NA,NA,NA,NA,NA,NA,NA,1
"325","Warrap1020",0,0.25,0,0.25,0.25,0.25,0.25,0.25,0.25,0,0.25,4
"326","Warrap1021",0,0.5,0,0,0.5,0.5,0,0,0.5,0,0.3,2
"327","Warrap1022",NA,NA,NA,NA,NA,NA,NA,NA,NA,NA,NA,1
"328","Warrap1024",0,0.5,0.5,0,0,0,0,0.5,0,0.5,0.1,2
"329","Warrap1059",0,0.333333333333333,0,0,0.666666666666667,0,0.333333333333333,0.666666666666667,0.333333333333333,0,0.4,3
"330","Warrap1060",0,0.5,0,0,0,0,0,0,0,0,0,2
"331","Warrap1061",0,0,0,0,0,0,0,0,0,0,0,2
"332","Warrap1062",0,0,0,0,1,1,0.5,1,0,0,0.7,2
"333","Warrap1064",0,0,0,0,0.5,0,0,0,0,0.5,0.1,2
"334","Warrap1180",0,1,0,1,0,0,0,0,0,0,0,2
"335","Warrap784",0,0,0,0,1,1,0.75,0,0.25,0.25,0.6,4
"336","Warrap821",0,0.666666666666667,0.666666666666667,0.333333333333333,0.666666666666667,0.666666666666667,0.666666666666667,0.333333333333333,0.333333333333333,1,0.533333333333333,3
"337","Warrap825",0,0,0,0,1,1,1,0,0,0,0.6,2
"338","Warrap861",0,0.5,0.5,0.25,0.5,0.5,0.5,0.5,0,0.75,0.4,4
"339","Warrap862",0,0.5,0,0.5,0.5,0.5,0.5,0,0,0.5,0.3,2
"340","Warrap864",0,0,0,0,1,0.666666666666667,1,0,0,0,0.533333333333333,3
"341","Warrap896",0,0.2,0,0.2,0.8,0.6,0.2,0.2,0.4,0,0.44,5
"342","Warrap897",0,0.666666666666667,0,0,0.666666666666667,0.333333333333333,0,0,0,0,0.2,3
"343","Warrap898",NA,NA,NA,NA,NA,NA,NA,NA,NA,NA,NA,1
"344","Warrap900",0,0,0,0,0,0,0,0,0,0,0,3
"345","Warrap901",0,0.714285714285714,0.571428571428571,0.571428571428571,0.571428571428571,0.571428571428571,0.571428571428571,0.428571428571429,0,1,0.428571428571429,7
"346","Warrap902",NA,NA,NA,NA,NA,NA,NA,NA,NA,NA,NA,1
"347","Warrap903",0,0.666666666666667,0,0.333333333333333,0.333333333333333,0.333333333333333,0.333333333333333,0.333333333333333,0,0.666666666666667,0.266666666666667,3
"348","Warrap904",0,0,0,0,1,0.666666666666667,0.666666666666667,0,0.333333333333333,0,0.533333333333333,3
"349","Warrap905",0,0,0,0,1,1,1,0.5,0,0,0.7,2
"350","Warrap936",0,0.5,0.25,0.25,0,0,0,0,0,0,0,4
"351","Warrap938",0,0.666666666666667,0,0.333333333333333,1,1,0.666666666666667,0.666666666666667,0.333333333333333,0,0.733333333333333,3
"352","Warrap939",0,0,0,0,0.5,0.5,0,0.5,0,0,0.3,2
"353","Warrap940",0,0.4,0,0.2,0.2,0.2,0.2,0.2,0.2,0,0.2,5
"354","Warrap941",0,0,0,0,0,0,0,0,0,0,0,2
"355","Warrap942",0,1,0,0.5,0,0,0,0,0,1,0,2
"356","Warrap944",0,0.5,0,0.5,1,0.875,1,0.5,0.125,0,0.7,8
"357","Warrap945",0,0.230769230769231,0,0.153846153846154,1,0.769230769230769,0.923076923076923,0.153846153846154,0.153846153846154,0,0.6,13
"358","Warrap977",NA,NA,NA,NA,NA,NA,NA,NA,NA,NA,NA,1
"359","Warrap978",0,0.25,0,0,0,0,0,0,0,0,0,4
"360","Warrap979",0,0.666666666666667,0,0,1,0.666666666666667,0,1,0.333333333333333,0,0.6,3
"361","Warrap981",0,0.5,0,0.5,0,0,0,0,0,0,0,2
"362","Warrap983",0,0.5,0,0,1,0.5,0,0.5,0.5,0,0.5,2
"363","Warrap985",NA,NA,NA,NA,NA,NA,NA,NA,NA,NA,NA,1
"364","Warrap986",0,0.315789473684211,0,0.210526315789474,0.578947368421053,0.473684210526316,0.578947368421053,0.210526315789474,0.105263157894737,0,0.389473684210526,19
"365","Western Bahr el Ghazal182",NA,NA,NA,NA,NA,NA,NA,NA,NA,NA,NA,1
"366","Western Bahr el Ghazal226",NA,NA,NA,NA,NA,NA,NA,NA,NA,NA,NA,1
"367","Western Bahr el Ghazal262",0,0,0,0,1,1,1,0,0.5,0,0.7,2
"368","Western Bahr el Ghazal307",0,0,0,0,0.5,0.5,0,0,0,0,0.2,2
"369","Western Bahr el Ghazal342",0,0.15,0,0,0.8,0.5,0.1,0.05,0.15,0.05,0.32,20
"370","Western Bahr el Ghazal381",NA,NA,NA,NA,NA,NA,NA,NA,NA,NA,NA,1
"371","Western Bahr el Ghazal382",0,0.5,0,0,1,1,1,0,1,0,0.8,2
"372","Western Bahr el Ghazal420",NA,NA,NA,NA,NA,NA,NA,NA,NA,NA,NA,1
"373","Western Bahr el Ghazal423",NA,NA,NA,NA,NA,NA,NA,NA,NA,NA,NA,1
"374","Western Bahr el Ghazal458",0,0,0,0,0.571428571428571,0.285714285714286,0,0,0,0,0.171428571428571,7
"375","Western Bahr el Ghazal499",NA,NA,NA,NA,NA,NA,NA,NA,NA,NA,NA,1
"376","Western Bahr el Ghazal580",NA,NA,NA,NA,NA,NA,NA,NA,NA,NA,NA,1
"377","Western Bahr el Ghazal659",NA,NA,NA,NA,NA,NA,NA,NA,NA,NA,NA,1
"378","Western Bahr el Ghazal699",NA,NA,NA,NA,NA,NA,NA,NA,NA,NA,NA,1
"379","Western Bahr el Ghazal737",0,1,0,0.5,0.5,0.5,0,0.5,0.5,0,0.4,2
"380","Western Bahr el Ghazal738",0,0.666666666666667,0,0.666666666666667,0.666666666666667,0.666666666666667,0,0.333333333333333,0,0,0.333333333333333,3
"381","Western Bahr el Ghazal739",0,0.666666666666667,0,0.333333333333333,0.333333333333333,0.333333333333333,0,0.333333333333333,0,0,0.2,3
"382","Western Bahr el Ghazal740",0,0,0,0,1,1,0,0.5,0,0,0.5,2
"383","Western Bahr el Ghazal741",0,0.5,0,0,0.5,0.25,0,0.25,0.25,0,0.25,4
"384","Western Bahr el Ghazal775",NA,NA,NA,NA,NA,NA,NA,NA,NA,NA,NA,1
"385","Western Bahr el Ghazal776",0,1,0,0.5,0.5,0.5,0,0,0,0,0.2,2
"386","Western Bahr el Ghazal777",0,0.5,0,0,0,0,0,0,0,0,0,2
"387","Western Bahr el Ghazal778",0,0.166666666666667,0,0.166666666666667,0.666666666666667,0.666666666666667,0,0.666666666666667,0,0,0.4,6
"388","Western Bahr el Ghazal779",0,0.2,0,0.2,0.8,0.8,0.2,0.2,0,0,0.4,5
"389","Western Bahr el Ghazal780",0,0,0,0,0.666666666666667,0.666666666666667,0,0.333333333333333,0,0,0.333333333333333,3
"390","Western Bahr el Ghazal781",0,0,0,0,1,1,0.5,0.5,0,0,0.6,2
"391","Western Bahr el Ghazal782",0,0,0,0,1,1,0.75,0,0,0,0.55,4
"392","Western Bahr el Ghazal816",NA,NA,NA,NA,NA,NA,NA,NA,NA,NA,NA,1
"393","Western Bahr el Ghazal817",0,0.75,0,0.25,0.5,0.5,0,0,0,0,0.2,4
"394","Western Bahr el Ghazal818",0,0.111111111111111,0,0.111111111111111,0.555555555555556,0.444444444444444,0,0.222222222222222,0.222222222222222,0,0.288888888888889,9
"395","Western Bahr el Ghazal819",0.0232558139534884,0.13953488372093,0,0.0697674418604651,0.511627906976744,0.325581395348837,0.116279069767442,0.186046511627907,0.0930232558139535,0,0.246511627906977,43
"396","Western Bahr el Ghazal820",0,0.666666666666667,0.333333333333333,0.333333333333333,0.333333333333333,0.333333333333333,0,0.333333333333333,0,0.333333333333333,0.2,3
"397","Western Bahr el Ghazal822",0,0.666666666666667,0.666666666666667,0.666666666666667,0.666666666666667,0.666666666666667,0.666666666666667,0.666666666666667,0,1,0.533333333333333,3
"398","Western Bahr el Ghazal856",NA,NA,NA,NA,NA,NA,NA,NA,NA,NA,NA,1
"399","Western Bahr el Ghazal857",0,0,0,0,0.333333333333333,0,0,0.666666666666667,0,0,0.2,3
"400","Western Bahr el Ghazal858",0,0.125,0,0,1,1,0.25,0.5,0.25,0,0.6,8
"401","Western Bahr el Ghazal859",0,0,0,0,0.857142857142857,0.714285714285714,0.428571428571429,0.714285714285714,0.428571428571429,0,0.628571428571429,7
"402","Western Bahr el Ghazal860",0,0.666666666666667,0,0.666666666666667,0.666666666666667,0.666666666666667,0.666666666666667,0.333333333333333,0,1,0.466666666666667,3
"403","Western Bahr el Ghazal899",0,0.333333333333333,0,0,0,0,0,0,0,0,0,3
"404","Western Equatoria1004",0,0.5,0,0.5,0,0,0,0,0,0,0,2
"405","Western Equatoria1005",0,0,0,0,0,0,0,0,0,0,0,2
"406","Western Equatoria1045",0,0.5,0,0.5,0,0,0,0,0,0,0,2
"407","Western Equatoria1046",0,1,0.333333333333333,0.333333333333333,0,0,0,0,0,0,0,3
"408","Western Equatoria1047",NA,NA,NA,NA,NA,NA,NA,NA,NA,NA,NA,1
"409","Western Equatoria1086",0,0.777777777777778,0,0.222222222222222,0,0,0,0,0,0,0,9
"410","Western Equatoria1087",0,0.666666666666667,0,0.666666666666667,0,0,0,0,0,0,0,3
"411","Western Equatoria1126",0,1,0,1,0,0,0,0,0,0,0,2
"412","Western Equatoria1128",NA,NA,NA,NA,NA,NA,NA,NA,NA,NA,NA,1
"413","Western Equatoria1166",NA,NA,NA,NA,NA,NA,NA,NA,NA,NA,NA,1
"414","Western Equatoria1167",0,1,0,0.5,0.5,0.5,0,0.5,0,0,0.3,2
"415","Western Equatoria1171",NA,NA,NA,NA,NA,NA,NA,NA,NA,NA,NA,1
"416","Western Equatoria1172",NA,NA,NA,NA,NA,NA,NA,NA,NA,NA,NA,1
"417","Western Equatoria1207",NA,NA,NA,NA,NA,NA,NA,NA,NA,NA,NA,1
"418","Western Equatoria1210",NA,NA,NA,NA,NA,NA,NA,NA,NA,NA,NA,1
"419","Western Equatoria1211",0,1,0,0.666666666666667,0.333333333333333,0.333333333333333,0,0.333333333333333,0,0,0.2,3
"420","Western Equatoria1212",0,1,0,0,0,0,0,0,0,0,0,2
"421","Western Equatoria1213",0,0.166666666666667,0,0.166666666666667,0.833333333333333,0.833333333333333,0.333333333333333,0.333333333333333,0,0,0.466666666666667,6
"422","Western Equatoria1247",0,1,0,0.8,0,0,0,0,0,0,0,5
"423","Western Equatoria1248",NA,NA,NA,NA,NA,NA,NA,NA,NA,NA,NA,1
"424","Western Equatoria1250",0,1,0,1,0,0,0,0,0,0,0,2
"425","Western Equatoria1251",0,1,0,1,0,0,0,0,0,0,0,3
"426","Western Equatoria1252",0,0.5,0,0.5,0.25,0.25,0.25,0,0,0,0.15,4
"427","Western Equatoria1286",0,1,0,0.666666666666667,0,0,0,0,0,0,0,3
"428","Western Equatoria1287",0,1,0,0.333333333333333,0,0,0,0,0,0,0,3
"429","Western Equatoria1288",0,1,0,0.833333333333333,0,0,0,0,0,0,0,6
"430","Western Equatoria1289",0,1,0,0,0,0,0,0,0,0,0,3
"431","Western Equatoria1290",NA,NA,NA,NA,NA,NA,NA,NA,NA,NA,NA,1
"432","Western Equatoria1326",0,1,0,0.5,0,0,0,0,0,0,0,2
"433","Western Equatoria1327",0,1,0,0,0,0,0,0,0,0,0,3
"434","Western Equatoria1328",0,1,0,0.666666666666667,0,0,0,0,0,0,0,3
"435","Western Equatoria1329",NA,NA,NA,NA,NA,NA,NA,NA,NA,NA,NA,1
"436","Western Equatoria1330",NA,NA,NA,NA,NA,NA,NA,NA,NA,NA,NA,1
"437","Western Equatoria1368",0,1,0,0,0,0,0,0,0,0,0,3
"438","Western Equatoria1369",NA,NA,NA,NA,NA,NA,NA,NA,NA,NA,NA,1
"439","Western Equatoria1370",0,0.5,0,0,1,0,0.5,0.5,0,0,0.4,2
"440","Western Equatoria649",NA,NA,NA,NA,NA,NA,NA,NA,NA,NA,NA,1
"441","Western Equatoria686",0,1,0,0,0,0,0,0,0,0.333333333333333,0,3
"442","Western Equatoria687",0,1,0,0,0.333333333333333,0,0.333333333333333,0,0,0,0.133333333333333,3
"443","Western Equatoria689",0,0.818181818181818,0,0,0,0,0,0,0,0,0,11
"444","Western Equatoria726",NA,NA,NA,NA,NA,NA,NA,NA,NA,NA,NA,1
"445","Western Equatoria727",0,0.5,0,0,0,0,0,0,0,0,0,2
"446","Western Equatoria728",0,1,0,0,0,0,0,0.5,0,0,0.1,2
"447","Western Equatoria729",NA,NA,NA,NA,NA,NA,NA,NA,NA,NA,NA,1
"448","Western Equatoria766",NA,NA,NA,NA,NA,NA,NA,NA,NA,NA,NA,1
"449","Western Equatoria767",0,0.5,0,0,0,0,0,0,0,0,0,2
"450","Western Equatoria770",NA,NA,NA,NA,NA,NA,NA,NA,NA,NA,NA,1
"451","Western Equatoria772",0,1,0,0,0.333333333333333,0.333333333333333,0.333333333333333,0.333333333333333,0.333333333333333,0,0.333333333333333,3
"452","Western Equatoria805",NA,NA,NA,NA,NA,NA,NA,NA,NA,NA,NA,1
"453","Western Equatoria807",NA,NA,NA,NA,NA,NA,NA,NA,NA,NA,NA,1
"454","Western Equatoria813",NA,NA,NA,NA,NA,NA,NA,NA,NA,NA,NA,1
"455","Western Equatoria844",0,0.75,0,0,0.25,0,0.25,0,0,0,0.1,4
"456","Western Equatoria845",0,0.25,0,0,0.125,0.125,0.125,0,0.125,0,0.1,8
"457","Western Equatoria846",NA,NA,NA,NA,NA,NA,NA,NA,NA,NA,NA,1
"458","Western Equatoria884",NA,NA,NA,NA,NA,NA,NA,NA,NA,NA,NA,1
"459","Western Equatoria885",0,0.857142857142857,0,0.0714285714285714,0,0,0,0,0,0,0,14
"460","Western Equatoria889",NA,NA,NA,NA,NA,NA,NA,NA,NA,NA,NA,1
"461","Western Equatoria925",NA,NA,NA,NA,NA,NA,NA,NA,NA,NA,NA,1
"462","Western Equatoria965",NA,NA,NA,NA,NA,NA,NA,NA,NA,NA,NA,1
"463","Western Equatoria968",0,1,0,0.5,0,0,0,0,0,0,0,2
