<metadata xml:lang="en"><Esri><CreaDate>20190129</CreaDate><CreaTime>10262500</CreaTime><ArcGISFormat>1.0</ArcGISFormat><SyncOnce>FALSE</SyncOnce><DataProperties><itemProps><itemName Sync="TRUE">ssd_bnd_adm3_wfpge_un</itemName><imsContentType Sync="TRUE">002</imsContentType><itemLocation><linkage Sync="TRUE">file://\\WFPSSJUBPROG-AS\D\SDI_DB\SSD_BND\ssd_bnd_adm3_wfpge_un.shp</linkage><protocol Sync="TRUE">Local Area Network</protocol></itemLocation><itemSize Sync="TRUE">0.000</itemSize></itemProps><coordRef><type Sync="TRUE">Geographic</type><geogcsn Sync="TRUE">GCS_WGS_1984</geogcsn><csUnits Sync="TRUE">Angular Unit: Degree (0.017453)</csUnits><peXml Sync="TRUE">&lt;GeographicCoordinateSystem xsi:type='typens:GeographicCoordinateSystem' xmlns:xsi='http://www.w3.org/2001/XMLSchema-instance' xmlns:xs='http://www.w3.org/2001/XMLSchema' xmlns:typens='http://www.esri.com/schemas/ArcGIS/10.6'&gt;&lt;WKT&gt;GEOGCS[&amp;quot;GCS_WGS_1984&amp;quot;,DATUM[&amp;quot;D_WGS_1984&amp;quot;,SPHEROID[&amp;quot;WGS_1984&amp;quot;,6378137.0,298.257223563]],PRIMEM[&amp;quot;Greenwich&amp;quot;,0.0],UNIT[&amp;quot;Degree&amp;quot;,0.0174532925199433],AUTHORITY[&amp;quot;EPSG&amp;quot;,4326]]&lt;/WKT&gt;&lt;XOrigin&gt;-400&lt;/XOrigin&gt;&lt;YOrigin&gt;-400&lt;/YOrigin&gt;&lt;XYScale&gt;11258999068426.238&lt;/XYScale&gt;&lt;ZOrigin&gt;-100000&lt;/ZOrigin&gt;&lt;ZScale&gt;10000&lt;/ZScale&gt;&lt;MOrigin&gt;-100000&lt;/MOrigin&gt;&lt;MScale&gt;10000&lt;/MScale&gt;&lt;XYTolerance&gt;8.983152841195215e-09&lt;/XYTolerance&gt;&lt;ZTolerance&gt;0.001&lt;/ZTolerance&gt;&lt;MTolerance&gt;0.001&lt;/MTolerance&gt;&lt;HighPrecision&gt;true&lt;/HighPrecision&gt;&lt;LeftLongitude&gt;-180&lt;/LeftLongitude&gt;&lt;WKID&gt;4326&lt;/WKID&gt;&lt;LatestWKID&gt;4326&lt;/LatestWKID&gt;&lt;/GeographicCoordinateSystem&gt;</peXml></coordRef><lineage><Process ToolSource="c:\program files (x86)\arcgis\desktop10.6\ArcToolbox\Toolboxes\Data Management Tools.tbx\Append" Date="20190129" Time="103445">Append ssd_adm3_wfpGE_UN_new_dissolve ssd_adm3_wfpGE_UN NO_TEST "adm3_name "adm3_name" true true false 100 Text 0 0 ,First,#,ssd_adm3_wfpGE_UN_new_dissolve,PAYAM_1,-1,-1;adm3_altnm "adm3_altnm" true true false 150 Text 0 0 ,First,#;iso3 "iso3" true true false 18 Text 0 0 ,First,#;disp_area "disp_area" true true false 3 Text 0 0 ,First,#;adm3_id "adm3_id" true true false 4 Long 0 0 ,First,#;adm2_id "adm2_id" true true false 4 Long 0 0 ,First,#;adm1_id "adm1_id" true true false 4 Long 0 0 ,First,#;adm0_id "adm0_id" true true false 4 Long 0 0 ,First,#;source "source" true true false 20 Text 0 0 ,First,#;validity "validity" true true false 2 Short 0 0 ,First,#;last_modified_date "last_modified_date" true true false 8 Date 0 0 ,First,#;MAPCLR "MAPCLR" true true false 3 Text 0 0 ,First,#;SHAPE_Length "SHAPE_Length" false true true 8 Double 0 0 ,First,#,ssd_adm3_wfpGE_UN_new_dissolve,SHAPE_Length,-1,-1;SHAPE_Area "SHAPE_Area" false true true 8 Double 0 0 ,First,#,ssd_adm3_wfpGE_UN_new_dissolve,SHAPE_Area,-1,-1" #</Process><Process ToolSource="c:\program files (x86)\arcgis\desktop10.6\ArcToolbox\Toolboxes\Data Management Tools.tbx\CalculateField" Date="20190129" Time="103828">CalculateField ssd_adm3_wfpGE_UN_new adm3_id autoIncrement() PYTHON_9.3 "rec=0\ndef autoIncrement():\n    global rec\n    pStart = 21673\n    pInterval = 1\n    if (rec == 0):\n        rec = pStart\n    else:\n        rec += pInterval\n    return rec\n"</Process><Process ToolSource="c:\program files (x86)\arcgis\desktop10.6\ArcToolbox\Toolboxes\Data Management Tools.tbx\CalculateField" Date="20190129" Time="103845">CalculateField ssd_adm3_wfpGE_UN_new disp_area "NO" VB #</Process><Process ToolSource="c:\program files (x86)\arcgis\desktop10.6\ArcToolbox\Toolboxes\Data Management Tools.tbx\CalculateField" Date="20190129" Time="103854">CalculateField ssd_adm3_wfpGE_UN_new iso3 "SSD" VB #</Process><Process ToolSource="c:\program files (x86)\arcgis\desktop10.6\ArcToolbox\Toolboxes\Data Management Tools.tbx\CalculateField" Date="20190129" Time="103906">CalculateField ssd_adm3_wfpGE_UN_new adm0_id 70001 VB #</Process><Process ToolSource="c:\program files (x86)\arcgis\desktop10.6\ArcToolbox\Toolboxes\Data Management Tools.tbx\CalculateField" Date="20190129" Time="103914">CalculateField ssd_adm3_wfpGE_UN_new validity 0 VB #</Process><Process ToolSource="c:\program files (x86)\arcgis\desktop10.6\ArcToolbox\Toolboxes\Data Management Tools.tbx\CalculateField" Date="20190129" Time="103925">CalculateField ssd_adm3_wfpGE_UN_new MAPCLR "SSD" VB #</Process><Process ToolSource="c:\program files (x86)\arcgis\desktop10.6\ArcToolbox\Toolboxes\Data Management Tools.tbx\CalculateField" Date="20190129" Time="103946">CalculateField ssd_adm3_wfpGE_UN_new adm3_altnm "" VB #</Process><Process ToolSource="c:\program files (x86)\arcgis\desktop10.6\ArcToolbox\Toolboxes\Data Management Tools.tbx\CalculateField" Date="20190129" Time="103953">CalculateField ssd_adm3_wfpGE_UN_new source "" VB #</Process><Process ToolSource="c:\program files (x86)\arcgis\desktop10.6\ArcToolbox\Toolboxes\Analysis Tools.tbx\SpatialJoin" Date="20190129" Time="104931">SpatialJoin ssd_adm3_wfpGE_UN SSD_adm2_wfpGE_UN C:\01_STORAGE\work\02_geoenabler_scope\05_review\ssd\bnd_28_jan_2019\ssd_fixed_new.gdb\ssd_adm3_wfpGE_UN_SpJoin JOIN_ONE_TO_ONE KEEP_ALL "adm3_name "adm3_name" true true false 100 Text 0 0 ,First,#,ssd_adm3_wfpGE_UN,adm3_name,-1,-1;adm3_altnm "adm3_altnm" true true false 150 Text 0 0 ,First,#,ssd_adm3_wfpGE_UN,adm3_altnm,-1,-1;iso3 "iso3" true true false 18 Text 0 0 ,First,#,ssd_adm3_wfpGE_UN,iso3,-1,-1;disp_area "disp_area" true true false 3 Text 0 0 ,First,#,ssd_adm3_wfpGE_UN,disp_area,-1,-1;adm3_id "adm3_id" true true false 4 Long 0 0 ,First,#,ssd_adm3_wfpGE_UN,adm3_id,-1,-1;adm2_id "adm2_id" true true false 4 Long 0 0 ,First,#,ssd_adm3_wfpGE_UN,adm2_id,-1,-1;adm1_id "adm1_id" true true false 4 Long 0 0 ,First,#,ssd_adm3_wfpGE_UN,adm1_id,-1,-1;adm0_id "adm0_id" true true false 4 Long 0 0 ,First,#,ssd_adm3_wfpGE_UN,adm0_id,-1,-1;source "source" true true false 20 Text 0 0 ,First,#,ssd_adm3_wfpGE_UN,source,-1,-1;validity "validity" true true false 2 Short 0 0 ,First,#,ssd_adm3_wfpGE_UN,validity,-1,-1;last_modified_date "last_modified_date" true true false 8 Date 0 0 ,First,#,ssd_adm3_wfpGE_UN,last_modified_date,-1,-1;MAPCLR "MAPCLR" true true false 3 Text 0 0 ,First,#,ssd_adm3_wfpGE_UN,MAPCLR,-1,-1;SHAPE_Length "SHAPE_Length" false true true 8 Double 0 0 ,First,#,ssd_adm3_wfpGE_UN,SHAPE_Length,-1,-1;SHAPE_Area "SHAPE_Area" false true true 8 Double 0 0 ,First,#,ssd_adm3_wfpGE_UN,SHAPE_Area,-1,-1;adm2_id_1 "adm2_id" true true false 4 Long 0 0 ,First,#,SSD_adm2_wfpGE_UN,adm2_id,-1,-1;adm1_id_1 "adm1_id" true true false 4 Long 0 0 ,First,#,SSD_adm2_wfpGE_UN,adm1_id,-1,-1;Shape_Length_1 "Shape_Length_1" false true true 8 Double 0 0 ,First,#,SSD_adm2_wfpGE_UN,Shape_Length,-1,-1;Shape_Area_1 "Shape_Area_1" false true true 8 Double 0 0 ,First,#,SSD_adm2_wfpGE_UN,Shape_Area,-1,-1" WITHIN # #</Process><Process ToolSource="c:\program files (x86)\arcgis\desktop10.6\ArcToolbox\Toolboxes\Data Management Tools.tbx\CalculateField" Date="20190129" Time="105015">CalculateField ssd_adm3_wfpGE_UN_SpJoin adm2_id [adm2_id_1] VB #</Process><Process ToolSource="c:\program files (x86)\arcgis\desktop10.6\ArcToolbox\Toolboxes\Data Management Tools.tbx\CalculateField" Date="20190129" Time="105027">CalculateField ssd_adm3_wfpGE_UN_SpJoin adm1_id [adm1_id_1] VB #</Process><Process ToolSource="c:\program files (x86)\arcgis\desktop10.6\ArcToolbox\Toolboxes\Analysis Tools.tbx\SpatialJoin" Date="20190129" Time="113611">SpatialJoin ssd_adm3_wfpGE_UN_SpJoin SSD_adm2_wfpGE_UN C:\01_STORAGE\work\02_geoenabler_scope\05_review\ssd\bnd_28_jan_2019\ssd_fixed_new.gdb\ssd_adm3_wfpGE_UN_SpJoin2 JOIN_ONE_TO_ONE KEEP_ALL "Join_Count "Join_Count" true true false 4 Long 0 0 ,First,#,ssd_adm3_wfpGE_UN_SpJoin,Join_Count,-1,-1;adm3_name "adm3_name" true true false 100 Text 0 0 ,First,#,ssd_adm3_wfpGE_UN_SpJoin,adm3_name,-1,-1;adm3_altnm "adm3_altnm" true true false 150 Text 0 0 ,First,#,ssd_adm3_wfpGE_UN_SpJoin,adm3_altnm,-1,-1;iso3 "iso3" true true false 18 Text 0 0 ,First,#,ssd_adm3_wfpGE_UN_SpJoin,iso3,-1,-1;disp_area "disp_area" true true false 3 Text 0 0 ,First,#,ssd_adm3_wfpGE_UN_SpJoin,disp_area,-1,-1;adm3_id "adm3_id" true true false 4 Long 0 0 ,First,#,ssd_adm3_wfpGE_UN_SpJoin,adm3_id,-1,-1;adm2_id "adm2_id" true true false 4 Long 0 0 ,First,#,ssd_adm3_wfpGE_UN_SpJoin,adm2_id,-1,-1;adm1_id "adm1_id" true true false 4 Long 0 0 ,First,#,ssd_adm3_wfpGE_UN_SpJoin,adm1_id,-1,-1;adm0_id "adm0_id" true true false 4 Long 0 0 ,First,#,ssd_adm3_wfpGE_UN_SpJoin,adm0_id,-1,-1;source "source" true true false 20 Text 0 0 ,First,#,ssd_adm3_wfpGE_UN_SpJoin,source,-1,-1;validity "validity" true true false 2 Short 0 0 ,First,#,ssd_adm3_wfpGE_UN_SpJoin,validity,-1,-1;last_modified_date "last_modified_date" true true false 8 Date 0 0 ,First,#,ssd_adm3_wfpGE_UN_SpJoin,last_modified_date,-1,-1;MAPCLR "MAPCLR" true true false 3 Text 0 0 ,First,#,ssd_adm3_wfpGE_UN_SpJoin,MAPCLR,-1,-1;SHAPE_Length "SHAPE_Length" false true true 8 Double 0 0 ,First,#,ssd_adm3_wfpGE_UN_SpJoin,SHAPE_Length,-1,-1;SHAPE_Area "SHAPE_Area" false true true 8 Double 0 0 ,First,#,ssd_adm3_wfpGE_UN_SpJoin,SHAPE_Area,-1,-1;adm2_id_1 "adm2_id" true true false 4 Long 0 0 ,First,#,SSD_adm2_wfpGE_UN,adm2_id,-1,-1;adm1_id_1 "adm1_id" true true false 4 Long 0 0 ,First,#,SSD_adm2_wfpGE_UN,adm1_id,-1,-1;Shape_Length_1 "Shape_Length_1" false true true 8 Double 0 0 ,First,#,SSD_adm2_wfpGE_UN,Shape_Length,-1,-1;Shape_Area_1 "Shape_Area_1" false true true 8 Double 0 0 ,First,#,SSD_adm2_wfpGE_UN,Shape_Area,-1,-1" HAVE_THEIR_CENTER_IN # #</Process><Process ToolSource="c:\program files (x86)\arcgis\desktop10.6\ArcToolbox\Toolboxes\Data Management Tools.tbx\CalculateField" Date="20190129" Time="114524">CalculateField ssd_adm3_wfpGE_UN_SpJoin2 adm2_id [adm2_id_1] VB #</Process><Process ToolSource="c:\program files (x86)\arcgis\desktop10.6\ArcToolbox\Toolboxes\Data Management Tools.tbx\CalculateField" Date="20190129" Time="114536">CalculateField ssd_adm3_wfpGE_UN_SpJoin2 adm1_id [adm1_id_1] VB #</Process><Process ToolSource="c:\program files (x86)\arcgis\desktop10.6\ArcToolbox\Toolboxes\Data Management Tools.tbx\CalculateField" Date="20190129" Time="115025">CalculateField ssd_adm3_wfpGE_UN_SpJoin2 adm3_id autoIncrement() PYTHON_9.3 "rec=0\ndef autoIncrement():\n    global rec\n    pStart = 21673\n    pInterval = 1\n    if (rec == 0):\n        rec = pStart\n    else:\n        rec += pInterval\n    return rec\n"</Process><Process ToolSource="c:\program files (x86)\arcgis\desktop10.6\ArcToolbox\Toolboxes\Data Management Tools.tbx\CalculateField" Date="20190129" Time="122332">CalculateField ssd_adm3_wfpGE_UN source "WFP" VB #</Process><Process ToolSource="c:\program files (x86)\arcgis\desktop10.6\ArcToolbox\Toolboxes\Conversion Tools.tbx\FeatureClassToFeatureClass" Date="20190129" Time="132909">FeatureClassToFeatureClass ssd_adm3_wfpGE_UN X:\00_SDI\Connection_Files\ssd__southsudan__10.11.182.101.sde\southsudan.ssd.BND ssd_bnd_adm3_wfpge_un # "adm3_name "adm3_name" true true false 100 Text 0 0 ,First,#,ssd_adm3_wfpGE_UN,adm3_name,-1,-1;adm3_altnm "adm3_altnm" true true false 150 Text 0 0 ,First,#,ssd_adm3_wfpGE_UN,adm3_altnm,-1,-1;iso3 "iso3" true true false 18 Text 0 0 ,First,#,ssd_adm3_wfpGE_UN,iso3,-1,-1;disp_area "disp_area" true true false 3 Text 0 0 ,First,#,ssd_adm3_wfpGE_UN,disp_area,-1,-1;adm3_id "adm3_id" true true false 4 Long 0 0 ,First,#,ssd_adm3_wfpGE_UN,adm3_id,-1,-1;adm2_id "adm2_id" true true false 4 Long 0 0 ,First,#,ssd_adm3_wfpGE_UN,adm2_id,-1,-1;adm1_id "adm1_id" true true false 4 Long 0 0 ,First,#,ssd_adm3_wfpGE_UN,adm1_id,-1,-1;adm0_id "adm0_id" true true false 4 Long 0 0 ,First,#,ssd_adm3_wfpGE_UN,adm0_id,-1,-1;source "source" true true false 20 Text 0 0 ,First,#,ssd_adm3_wfpGE_UN,source,-1,-1;validity "validity" true true false 2 Short 0 0 ,First,#,ssd_adm3_wfpGE_UN,validity,-1,-1;last_modified_date "last_modified_date" true true false 8 Date 0 0 ,First,#,ssd_adm3_wfpGE_UN,last_modified_date,-1,-1;MAPCLR "MAPCLR" true true false 3 Text 0 0 ,First,#,ssd_adm3_wfpGE_UN,MAPCLR,-1,-1;SHAPE_Length "SHAPE_Length" false true true 8 Double 0 0 ,First,#,ssd_adm3_wfpGE_UN,SHAPE_Length,-1,-1;SHAPE_Area "SHAPE_Area" false true true 8 Double 0 0 ,First,#,ssd_adm3_wfpGE_UN,SHAPE_Area,-1,-1" #</Process></lineage></DataProperties><SyncDate>20190129</SyncDate><SyncTime>16315600</SyncTime><ModDate>20190129</ModDate><ModTime>16315600</ModTime></Esri><dataIdInfo><envirDesc Sync="TRUE"> Version 6.2 (Build 9200) ; Esri ArcGIS 10.6.1.9270</envirDesc><dataLang><languageCode value="eng" Sync="TRUE"></languageCode><countryCode value="USA" Sync="TRUE"></countryCode></dataLang><idCitation><resTitle Sync="TRUE">ssd_bnd_adm3_wfpge_un</resTitle><presForm><PresFormCd value="005" Sync="TRUE"></PresFormCd></presForm></idCitation><spatRpType><SpatRepTypCd value="001" Sync="TRUE"></SpatRepTypCd></spatRpType></dataIdInfo><mdLang><languageCode value="eng" Sync="TRUE"></languageCode><countryCode value="USA" Sync="TRUE"></countryCode></mdLang><distInfo><distFormat><formatName Sync="TRUE">Shapefile</formatName></distFormat><distTranOps><transSize Sync="TRUE">0.000</transSize></distTranOps></distInfo><mdHrLv><ScopeCd value="005" Sync="TRUE"></ScopeCd></mdHrLv><mdHrLvName Sync="TRUE">dataset</mdHrLvName><refSysInfo><RefSystem><refSysID><identCode code="4326" Sync="TRUE"></identCode><idCodeSpace Sync="TRUE">EPSG</idCodeSpace><idVersion Sync="TRUE">6.14(3.0.1)</idVersion></refSysID></RefSystem></refSysInfo><spatRepInfo><VectSpatRep><geometObjs Name="ssd_bnd_adm3_wfpge_un"><geoObjTyp><GeoObjTypCd value="002" Sync="TRUE"></GeoObjTypCd></geoObjTyp><geoObjCnt Sync="TRUE">0</geoObjCnt></geometObjs><topLvl><TopoLevCd value="001" Sync="TRUE"></TopoLevCd></topLvl></VectSpatRep></spatRepInfo><spdoinfo><ptvctinf><esriterm Name="ssd_bnd_adm3_wfpge_un"><efeatyp Sync="TRUE">Simple</efeatyp><efeageom code="4" Sync="TRUE"></efeageom><esritopo Sync="TRUE">FALSE</esritopo><efeacnt Sync="TRUE">0</efeacnt><spindex Sync="TRUE">FALSE</spindex><linrefer Sync="TRUE">FALSE</linrefer></esriterm></ptvctinf></spdoinfo><eainfo><detailed Name="ssd_bnd_adm3_wfpge_un"><enttyp><enttypl Sync="TRUE">ssd_bnd_adm3_wfpge_un</enttypl><enttypt Sync="TRUE">Feature Class</enttypt><enttypc Sync="TRUE">0</enttypc></enttyp><attr><attrlabl Sync="TRUE">FID</attrlabl><attalias Sync="TRUE">FID</attalias><attrtype Sync="TRUE">OID</attrtype><attwidth Sync="TRUE">4</attwidth><atprecis Sync="TRUE">0</atprecis><attscale Sync="TRUE">0</attscale><attrdef Sync="TRUE">Internal feature number.</attrdef><attrdefs Sync="TRUE">Esri</attrdefs><attrdomv><udom Sync="TRUE">Sequential unique whole numbers that are automatically generated.</udom></attrdomv></attr><attr><attrlabl Sync="TRUE">SHAPE</attrlabl><attalias Sync="TRUE">Shape</attalias><attrtype Sync="TRUE">Geometry</attrtype><attwidth Sync="TRUE">0</attwidth><atprecis Sync="TRUE">0</atprecis><attscale Sync="TRUE">0</attscale><attrdef Sync="TRUE">Feature geometry.</attrdef><attrdefs Sync="TRUE">Esri</attrdefs><attrdomv><udom Sync="TRUE">Coordinates defining the features.</udom></attrdomv></attr><attr><attrlabl Sync="TRUE">adm3_name</attrlabl><attalias Sync="TRUE">adm3_name</attalias><attrtype Sync="TRUE">String</attrtype><attwidth Sync="TRUE">100</attwidth><atprecis Sync="TRUE">0</atprecis><attscale Sync="TRUE">0</attscale></attr><attr><attrlabl Sync="TRUE">adm3_altnm</attrlabl><attalias Sync="TRUE">adm3_altnm</attalias><attrtype Sync="TRUE">String</attrtype><attwidth Sync="TRUE">150</attwidth><atprecis Sync="TRUE">0</atprecis><attscale Sync="TRUE">0</attscale></attr><attr><attrlabl Sync="TRUE">iso3</attrlabl><attalias Sync="TRUE">iso3</attalias><attrtype Sync="TRUE">String</attrtype><attwidth Sync="TRUE">18</attwidth><atprecis Sync="TRUE">0</atprecis><attscale Sync="TRUE">0</attscale></attr><attr><attrlabl Sync="TRUE">disp_area</attrlabl><attalias Sync="TRUE">disp_area</attalias><attrtype Sync="TRUE">String</attrtype><attwidth Sync="TRUE">3</attwidth><atprecis Sync="TRUE">0</atprecis><attscale Sync="TRUE">0</attscale></attr><attr><attrlabl Sync="TRUE">adm3_id</attrlabl><attalias Sync="TRUE">adm3_id</attalias><attrtype Sync="TRUE">Integer</attrtype><attwidth Sync="TRUE">10</attwidth><atprecis Sync="TRUE">10</atprecis><attscale Sync="TRUE">0</attscale></attr><attr><attrlabl Sync="TRUE">adm2_id</attrlabl><attalias Sync="TRUE">adm2_id</attalias><attrtype Sync="TRUE">Integer</attrtype><attwidth Sync="TRUE">10</attwidth><atprecis Sync="TRUE">10</atprecis><attscale Sync="TRUE">0</attscale></attr><attr><attrlabl Sync="TRUE">adm1_id</attrlabl><attalias Sync="TRUE">adm1_id</attalias><attrtype Sync="TRUE">Integer</attrtype><attwidth Sync="TRUE">10</attwidth><atprecis Sync="TRUE">10</atprecis><attscale Sync="TRUE">0</attscale></attr><attr><attrlabl Sync="TRUE">adm0_id</attrlabl><attalias Sync="TRUE">adm0_id</attalias><attrtype Sync="TRUE">Integer</attrtype><attwidth Sync="TRUE">10</attwidth><atprecis Sync="TRUE">10</atprecis><attscale Sync="TRUE">0</attscale></attr><attr><attrlabl Sync="TRUE">source</attrlabl><attalias Sync="TRUE">source</attalias><attrtype Sync="TRUE">String</attrtype><attwidth Sync="TRUE">20</attwidth><atprecis Sync="TRUE">0</atprecis><attscale Sync="TRUE">0</attscale></attr><attr><attrlabl Sync="TRUE">validity</attrlabl><attalias Sync="TRUE">validity</attalias><attrtype Sync="TRUE">Integer</attrtype><attwidth Sync="TRUE">5</attwidth><atprecis Sync="TRUE">5</atprecis><attscale Sync="TRUE">0</attscale></attr><attr><attrlabl Sync="TRUE">last_modif</attrlabl><attalias Sync="TRUE">last_modif</attalias><attrtype Sync="TRUE">Date</attrtype><attwidth Sync="TRUE">8</attwidth><atprecis Sync="TRUE">0</atprecis><attscale Sync="TRUE">0</attscale></attr><attr><attrlabl Sync="TRUE">MAPCLR</attrlabl><attalias Sync="TRUE">mapclr</attalias><attrtype Sync="TRUE">String</attrtype><attwidth Sync="TRUE">3</attwidth><atprecis Sync="TRUE">0</atprecis><attscale Sync="TRUE">0</attscale></attr><attr><attrlabl Sync="TRUE">st_area_sh</attrlabl><attalias Sync="TRUE">st_area_sh</attalias><attrtype Sync="TRUE">Double</attrtype><attwidth Sync="TRUE">19</attwidth><atprecis Sync="TRUE">0</atprecis><attscale Sync="TRUE">0</attscale></attr><attr><attrlabl Sync="TRUE">st_length_</attrlabl><attalias Sync="TRUE">st_length_</attalias><attrtype Sync="TRUE">Double</attrtype><attwidth Sync="TRUE">19</attwidth><atprecis Sync="TRUE">0</atprecis><attscale Sync="TRUE">0</attscale></attr></detailed></eainfo><mdDateSt Sync="TRUE">20190129</mdDateSt></metadata>
